,cluster_label,explanation,keywords,cluster_quality,subproblems,recommendations,cluster_id,n_problems
0,Remote Location and Transport Issues,The problems relate to the hotel's inconvenient location far from the town center and difficulties guests face in securing transportation to reach town amenities.,"['location', 'distance', 'transportation', 'accessibility', 'taxi', 'tricycle']",coherent,"['Hotel located far from town proper', 'Difficulty in hailing taxis or tricycles to town proper']","['Provide shuttle services or arrange reliable transport options for guests to and from town.', 'Offer clear guidance or assistance with booking local transportation.', ""Improve communication about the hotel's location and transport options before booking.""]",0,2
1,Front Desk Service Issues,"These problems all relate to negative experiences with front desk service, including staff knowledge, attitude, and availability, indicating a common issue with front desk operations and customer service.","['front desk', 'staff knowledge', 'rude service', 'unattended desk', 'night service']",coherent,"['Lack of front desk staff knowledge about room assignments', 'Rude and unhelpful behavior of front desk staff', 'Front desk being unattended during nighttime']","['Provide comprehensive training to front desk staff to ensure accurate and up-to-date knowledge of room assignments.', 'Implement customer service training and monitor staff interactions to improve politeness and helpfulness.', 'Ensure 24/7 front desk coverage or provide a reliable alternative for guest assistance during nighttime.']",1,3
2,Room Amenities and Security Issues,"This cluster groups together problems related to inadequate room amenities, noise disturbances, and security concerns, reflecting issues that directly affect guest comfort and safety during their stay.","['amenities', 'security', 'noise', 'comfort', 'facilities']",mixed,"['Insufficient room amenities (pillows, table, glasses, plates)', 'Noise disturbances affecting sleep (street noise, motorcycle noise)', 'Security concerns (lack of security cameras, no security guard on duty)', 'Room comfort and usability issues (thin mattress, difficult shower knob, problematic for shorter guests)', 'Connectivity inconvenience (wifi credentials expiring every 24 hours)', 'Poor host responsiveness and communication (unresponsive host, vague and sarcastic responses)']","['Amenities: Ensure rooms are equipped with essential items such as adequate pillows, tables, glasses, and plates to enhance guest comfort.', 'Noise: Implement soundproofing measures or provide noise-cancelling options such as earplugs to minimize disturbances from external noises.', 'Security: Improve guest safety by installing security cameras in hallways and ensuring security personnel are present on duty.', 'Room Comfort: Upgrade mattresses to better quality foam and address shower usability concerns; consider adaptations for guests of varying heights.', 'Connectivity: Provide longer-lasting or more convenient wifi access credentials to avoid frequent re-authentication.', 'Host Communication: Train staff to respond promptly and politely to guest inquiries to improve overall satisfaction.']",2,15
3,Hotel Experience Issues,"The problems relate to different aspects of guest dissatisfaction during their stay, including both physical comfort and service quality, which impact the overall hotel experience.","['sound insulation', 'communication', 'guest satisfaction', 'hotel experience']",mixed,"['Poor sound insulation causing noise disturbances', 'Poor communication between staff and guests']","['For poor sound insulation: Conduct an audit of room acoustics and invest in soundproofing improvements such as better windows, doors, or insulation materials.', 'For poor communication: Enhance staff training on guest interaction, implement clear communication protocols, and provide multiple channels for guests to reach staff easily.']",3,2
4,WiFi Access Issues,"All problems in this cluster relate to difficulties guests face in accessing or using the hotel's WiFi services, primarily focusing on missing or unavailable WiFi passwords.","['WiFi', 'password', 'access', 'check-in']",coherent,['WiFi password not provided at check-in'],"['Ensure WiFi passwords are readily available and communicated clearly during check-in.', 'Train front desk staff to proactively provide WiFi access details.', 'Consider displaying WiFi credentials in rooms or common areas to reduce guest inconvenience.']",4,1
5,Safety Issues,This cluster contains problems related to guests' concerns about their personal safety during their stay at the hotel. These issues are centered around the hotel's ability to provide a secure environment for its guests.,"['safety', 'security', 'personal safety', 'guest protection']",coherent,['Safety concerns'],"['Enhance security measures such as installing surveillance cameras and increasing security personnel presence.', 'Provide clear information about safety protocols to guests.', 'Conduct regular safety audits to identify and mitigate risks.']",5,1
6,Room Cleanliness and Maintenance,"This cluster focuses on issues related to the physical condition and cleanliness of the hotel room, indicating a problem with room upkeep.","['cleanliness', 'maintenance', 'room condition', 'damaged items', 'hygiene']",coherent,['Damaged bedding or linens'],"['Implement more thorough room inspections before guest check-in to identify and replace damaged items like blankets.', 'Establish a routine maintenance and housekeeping checklist to ensure all linens and room materials meet quality standards prior to guest arrival.']",6,1
7,Local Transportation Issues,"This cluster focuses on difficulties related to local transport, particularly problems with drivers not being familiar with the hotel location or destination.","['tricycle drivers', 'driver knowledge', 'local transport', 'directions']",coherent,['Driver unfamiliarity with hotel location'],"['Coordinate with local transport providers to ensure drivers assigned to hotel guests know the location well.', 'Provide guests with detailed address information and landmarks to share with drivers.', 'Implement a shuttle service or arrange trusted transportation partners familiar with the hotel.']",7,1
8,Bathroom Comfort Issues,"This cluster groups problems related to discomfort or inconvenience specifically experienced in the bathroom area, particularly focusing on the usability and functionality of the shower.","['shower', 'temperature', 'adjustment', 'bathroom', 'comfort']",coherent,['Difficulty adjusting shower temperature'],"['Perform regular maintenance and inspection of shower mixing valves to ensure they respond to temperature adjustments smoothly.', 'Consider upgrading to thermostatic shower valves for better temperature control and safety.', 'Provide clear instructions for guests on how to adjust the shower temperature if the system is not intuitive.']",8,1
9,Payment Process Issues,"The problem relates to unexpected or inconvenient payment collection timing, which can cause customer discomfort or confusion.","['payment', 'balance', 'checkout', 'timing', 'attendant']",coherent,['Payment collected at night before checkout'],"['Establish clear payment policies communicated at check-in.', 'Standardize payment collection timing to daytime hours.', 'Train staff to avoid collecting payments during inconvenient times.', 'Provide guests with payment schedule upon arrival to reduce surprises.']",9,1
10,Room Comfort Issues,"This cluster groups issues related to the comfort of the room, specifically focusing on the bed size and sleeping arrangements.","['bed', 'small', 'room comfort']",coherent,['Bed size smaller than expected'],"['Provide clear information about bed sizes in room descriptions to set guest expectations.', 'Offer room options with larger beds for guests needing extra comfort.', 'Consider upgrading or replacing smaller beds if feasible to enhance guest satisfaction.']",10,1
11,Poor WiFi Connectivity,"This cluster revolves around issues related to unstable and weak WiFi, which impacts guest experience by limiting internet access and reliability.","['WiFi', 'connectivity', 'signal', 'reception', 'internet', 'unstable']",coherent,"['Weak WiFi signal strength', 'Fluctuating or unstable WiFi connectivity']","['Conduct a thorough assessment of the WiFi infrastructure to identify dead zones and areas with poor signal strength.', 'Upgrade WiFi access points to models with better range and stability, ensuring even coverage throughout the property.', 'Regularly maintain and monitor network equipment to prevent fluctuations and outages.', 'Provide guest support and clear instructions on connecting to reliable WiFi networks.']",11,1
12,Lack of Drinking Water Facilities,"This cluster focuses on issues related to the availability and convenience of drinking water in the hotel, highlighting a lack of water heating options.","['no water heater', 'drinking water', 'water facilities']",coherent,['No water heater available for drinking water'],['Install water heaters or provide hot water dispensers in rooms or common areas to facilitate access to hot drinking water.'],12,1
13,Room Lighting Issues,"This cluster highlights guest dissatisfaction related to the room's lighting conditions, specifically concerns about excessive natural light entering the room.","['room', 'lighting', 'too much light', 'brightness', 'natural light']",coherent,['excessive natural light entering the room causing discomfort'],"['Install adjustable blackout curtains or blinds to allow guests control over the amount of natural light.', 'Consider room orientation and window treatments during room design or renovation to minimize excessive light entry.']",13,1
14,Lack of Onsite Food Amenities,"This cluster centers around the absence of dining options within the hotel, specifically the lack of a cafeteria or facilities for coffee and breakfast, impacting guest convenience and satisfaction.","['no cafeteria', 'no breakfast options', 'no onsite dining', 'lack of coffee service']",coherent,"['No cafeteria for coffee', 'No breakfast facilities available']","['Consider introducing a cafeteria or coffee bar to provide convenient onsite breakfast and coffee options.', 'Partner with local cafes or implement room service breakfast to improve guest dining experience.', 'Promote nearby food options clearly in the hotel information to mitigate guest inconvenience.']",14,1
15,Room Location Issues,"This cluster includes problems related to guests not receiving their requested room floor location, indicating a mismatch between the booking preferences and actual room assignment.","['room location', 'floor assignment', 'requested floor', 'room allocation']",coherent,['Assigned upper floor instead of requested lower floor'],"['Improve the room assignment system to prioritize guest floor preferences during check-in.', 'Train front desk staff to verify room requests and confirm floor allocations with guests.', 'Update the booking system to flag floor preferences clearly and communicate them to housekeeping and allocation teams.']",15,1
